Workbook

Sheet Оценка
A1: Две первые строки — примеры. Тяжесть и вероятность — числа от 1 до 5 по листу «Шкалы». Балл = тяжесть × вероятность. Пороги уровней: 1-2 незначительный, 3-4 низкий, 5-9 средний, 10-16 высокий, 20-25 недопустимый; закрепите свои в положении о СУОТ.
A3: № | B3: Рабочее место | C3: Опасность | D3: Тяжесть (1-5) | E3: Вероятность (1-5) | F3: Балл | G3: Уровень риска | H3: Обязательное действие | I3: Срок | J3: Ответственный
A4: 1 | B4: Цех сборки, участок пресса | C4: Затягивание руки в зону штампа | D4: 4 | E4: 3 | F4: =IF(D4*E4=0,"",D4*E4) | G4: =IF(F4="","",IF(F4>=20,"недопустимый",IF(F4>=10,"высокий",IF(F4>=5,"средний",IF(F4>=3,"низкий","незначительный"))))) | H4: =IF(G4="","",VLOOKUP(G4,Действия!$A$2:$B$6,2,FALSE)) | I4: до 31.12.2026 | J4: Начальник цеха
A5: 2 | B5: Склад, высотные стеллажи | C5: Падение груза с верхнего яруса | D5: 3 | E5: 2 | F5: =IF(D5*E5=0,"",D5*E5) | G5: =IF(F5="","",IF(F5>=20,"недопустимый",IF(F5>=10,"высокий",IF(F5>=5,"средний",IF(F5>=3,"низкий","незначительный"))))) | H5: =IF(G5="","",VLOOKUP(G5,Действия!$A$2:$B$6,2,FALSE)) | I5: в годовом плане | J5: Заведующий складом
A6: 3 | F6: =IF(D6*E6=0,"",D6*E6) | G6: =IF(F6="","",IF(F6>=20,"недопустимый",IF(F6>=10,"высокий",IF(F6>=5,"средний",IF(F6>=3,"низкий","незначительный"))))) | H6: =IF(G6="","",VLOOKUP(G6,Действия!$A$2:$B$6,2,FALSE))
A7: 4 | F7: =IF(D7*E7=0,"",D7*E7) | G7: =IF(F7="","",IF(F7>=20,"недопустимый",IF(F7>=10,"высокий",IF(F7>=5,"средний",IF(F7>=3,"низкий","незначительный"))))) | H7: =IF(G7="","",VLOOKUP(G7,Действия!$A$2:$B$6,2,FALSE))
A8: 5 | F8: =IF(D8*E8=0,"",D8*E8) | G8: =IF(F8="","",IF(F8>=20,"недопустимый",IF(F8>=10,"высокий",IF(F8>=5,"средний",IF(F8>=3,"низкий","незначительный"))))) | H8: =IF(G8="","",VLOOKUP(G8,Действия!$A$2:$B$6,2,FALSE))
A9: 6 | F9: =IF(D9*E9=0,"",D9*E9) | G9: =IF(F9="","",IF(F9>=20,"недопустимый",IF(F9>=10,"высокий",IF(F9>=5,"средний",IF(F9>=3,"низкий","незначительный"))))) | H9: =IF(G9="","",VLOOKUP(G9,Действия!$A$2:$B$6,2,FALSE))
A10: 7 | F10: =IF(D10*E10=0,"",D10*E10) | G10: =IF(F10="","",IF(F10>=20,"недопустимый",IF(F10>=10,"высокий",IF(F10>=5,"средний",IF(F10>=3,"низкий","незначительный"))))) | H10: =IF(G10="","",VLOOKUP(G10,Действия!$A$2:$B$6,2,FALSE))
A11: 8 | F11: =IF(D11*E11=0,"",D11*E11) | G11: =IF(F11="","",IF(F11>=20,"недопустимый",IF(F11>=10,"высокий",IF(F11>=5,"средний",IF(F11>=3,"низкий","незначительный"))))) | H11: =IF(G11="","",VLOOKUP(G11,Действия!$A$2:$B$6,2,FALSE))
A12: 9 | F12: =IF(D12*E12=0,"",D12*E12) | G12: =IF(F12="","",IF(F12>=20,"недопустимый",IF(F12>=10,"высокий",IF(F12>=5,"средний",IF(F12>=3,"низкий","незначительный"))))) | H12: =IF(G12="","",VLOOKUP(G12,Действия!$A$2:$B$6,2,FALSE))
A13: 10 | F13: =IF(D13*E13=0,"",D13*E13) | G13: =IF(F13="","",IF(F13>=20,"недопустимый",IF(F13>=10,"высокий",IF(F13>=5,"средний",IF(F13>=3,"низкий","незначительный"))))) | H13: =IF(G13="","",VLOOKUP(G13,Действия!$A$2:$B$6,2,FALSE))
A14: 11 | F14: =IF(D14*E14=0,"",D14*E14) | G14: =IF(F14="","",IF(F14>=20,"недопустимый",IF(F14>=10,"высокий",IF(F14>=5,"средний",IF(F14>=3,"низкий","незначительный"))))) | H14: =IF(G14="","",VLOOKUP(G14,Действия!$A$2:$B$6,2,FALSE))
A15: 12 | F15: =IF(D15*E15=0,"",D15*E15) | G15: =IF(F15="","",IF(F15>=20,"недопустимый",IF(F15>=10,"высокий",IF(F15>=5,"средний",IF(F15>=3,"низкий","незначительный"))))) | H15: =IF(G15="","",VLOOKUP(G15,Действия!$A$2:$B$6,2,FALSE))
A16: 13 | F16: =IF(D16*E16=0,"",D16*E16) | G16: =IF(F16="","",IF(F16>=20,"недопустимый",IF(F16>=10,"высокий",IF(F16>=5,"средний",IF(F16>=3,"низкий","незначительный"))))) | H16: =IF(G16="","",VLOOKUP(G16,Действия!$A$2:$B$6,2,FALSE))
A17: 14 | F17: =IF(D17*E17=0,"",D17*E17) | G17: =IF(F17="","",IF(F17>=20,"недопустимый",IF(F17>=10,"высокий",IF(F17>=5,"средний",IF(F17>=3,"низкий","незначительный"))))) | H17: =IF(G17="","",VLOOKUP(G17,Действия!$A$2:$B$6,2,FALSE))
... A43: 40 | F43: =IF(D43*E43=0,"",D43*E43) | G43: =IF(F43="","",IF(F43>=20,"недопустимый",IF(F43>=10,"высокий",IF(F43>=5,"средний",IF(F43>=3,"низкий","незначительный"))))) | H43: =IF(G43="","",VLOOKUP(G43,Действия!$A$2:$B$6,2,FALSE))

Sheet Шкалы
A1: Балл | B1: Тяжесть последствий | C1: Описание
A2: 1 | B2: Незначительная | C2: Микротравма, дискомфорт, восстановление без обращения за помощью
A3: 2 | B3: Малая | C3: Травма с оказанием первой помощи, без потери трудоспособности
A4: 3 | B4: Средняя | C4: Травма с временной потерей трудоспособности до 30 дней
A5: 4 | B5: Тяжелая | C5: Тяжелая травма, длительная нетрудоспособность, профессиональное заболевание, стойкая утрата
A6: 5 | B6: Критическая | C6: Смертельный исход или групповой несчастный случай
A9: Балл | B9: Вероятность | C9: Описание
A10: 1 | B10: Очень низкая | C10: Событие теоретически возможно, случаев в отрасли единицы, защита многоуровневая
A11: 2 | B11: Низкая | C11: Событие возможно при совпадении нескольких условий, есть исправная защита
A12: 3 | B12: Средняя | C12: Событие происходит эпизодически на аналогичных работах, защита есть, но зависит от действий работника
A13: 4 | B13: Высокая | C13: Событие происходило на предприятии или в отрасли регулярно, защита частичная
A14: 5 | B14: Очень высокая | C14: Событие происходит регулярно, защиты нет или она не работает

Sheet Действия
A1: Уровень | B1: Обязательное действие
A2: недопустимый | B2: Работа не начинается или останавливается до реализации мер; решение оформляется письменно
A3: высокий | B3: Обязательные меры в установленный срок, обычно до трех месяцев, с промежуточным контролем
A4: средний | B4: Меры в годовом плане; при невозможности снижения усилить контроль и обучение
A5: низкий | B5: Меры не обязательны; поддерживать существующие барьеры и пересматривать периодически
A6: незначительный | B6: Наблюдение при плановом пересмотре

Sheet Сводка
A1: Уровень | B1: Число опасностей
A2: недопустимый | B2: =COUNTIF(Оценка!G:G,"недопустимый")
A3: высокий | B3: =COUNTIF(Оценка!G:G,"высокий")
A4: средний | B4: =COUNTIF(Оценка!G:G,"средний")
A5: низкий | B5: =COUNTIF(Оценка!G:G,"низкий")
A6: незначительный | B6: =COUNTIF(Оценка!G:G,"незначительный")
A7: Доля средних, % | B7: =IF(SUM(B2:B6)=0,"",ROUND(B4/SUM(B2:B6)*100,0))
A9: Если средний уровень получили почти все опасности, шкалы не различают ситуации: уточните критерии.

Sheet О шаблоне
A1: Шаблон подготовлен risk-place.ru. Свободное использование внутри организации. Версия от 16.10.2026.
