Workbook

Sheet Оценка
A1: Первая строка пример. Репутационный риск оценивается как последствие исходного риска из реестра, ставшего публичным. Последствия по каждой аудитории по шкале листа «Шкала», итог берется по худшей аудитории. Деньги считаются через отток: выручка × отток × месяцы восстановления / 12.
A3: № | B3: Сценарий: событие, которое станет публичным | C3: Исходный риск в реестре | D3: Вероятность огласки, 1-5 | E3: Клиенты, 1-5 | F3: Партнеры и банки, 1-5 | G3: Регулятор, 1-5 | H3: Сотрудники и кандидаты, 1-5 | I3: Последствия (максимум по аудиториям) | J3: Уровень (В × П) | K3: Зона | L3: Выручка в год, млн руб. | M3: Ожидаемый отток клиентов, % | N3: Месяцев до восстановления | O3: Потеря выручки, млн руб. | P3: Готовность первых часов (спикер, заявление, канал): есть/нет | Q3: Владелец исходного риска | R3: Мера
A4: 1 | B4: Утечка персональных данных клиентов, публикация в Telegram-каналах | C4: ИБ-03 Несанкционированный доступ к CRM | D4: 4 | E4: 4 | F4: 2 | G4: 4 | H4: 2 | I4: =IF(COUNT(E4:H4)=0,"",MAX(E4:H4)) | J4: =IF(OR(D4="",I4=""),"",D4*I4) | K4: =IF(J4="","",IF(J4>=15,"красная",IF(J4>=10,"оранжевая",IF(J4>=5,"желтая","зеленая")))) | L4: 12000 | M4: 3 | N4: 6 | O4: =IF(OR(L4="",M4="",N4=""),"",ROUND(L4*M4/100*N4/12,1)) | P4: нет | Q4: Директор по ИТ | R4: Шифрование выгрузок, мониторинг утечек, шаблон заявления и спикер назначены заранее
I5: =IF(COUNT(E5:H5)=0,"",MAX(E5:H5)) | J5: =IF(OR(D5="",I5=""),"",D5*I5) | K5: =IF(J5="","",IF(J5>=15,"красная",IF(J5>=10,"оранжевая",IF(J5>=5,"желтая","зеленая")))) | O5: =IF(OR(L5="",M5="",N5=""),"",ROUND(L5*M5/100*N5/12,1))
I6: =IF(COUNT(E6:H6)=0,"",MAX(E6:H6)) | J6: =IF(OR(D6="",I6=""),"",D6*I6) | K6: =IF(J6="","",IF(J6>=15,"красная",IF(J6>=10,"оранжевая",IF(J6>=5,"желтая","зеленая")))) | O6: =IF(OR(L6="",M6="",N6=""),"",ROUND(L6*M6/100*N6/12,1))
I7: =IF(COUNT(E7:H7)=0,"",MAX(E7:H7)) | J7: =IF(OR(D7="",I7=""),"",D7*I7) | K7: =IF(J7="","",IF(J7>=15,"красная",IF(J7>=10,"оранжевая",IF(J7>=5,"желтая","зеленая")))) | O7: =IF(OR(L7="",M7="",N7=""),"",ROUND(L7*M7/100*N7/12,1))
I8: =IF(COUNT(E8:H8)=0,"",MAX(E8:H8)) | J8: =IF(OR(D8="",I8=""),"",D8*I8) | K8: =IF(J8="","",IF(J8>=15,"красная",IF(J8>=10,"оранжевая",IF(J8>=5,"желтая","зеленая")))) | O8: =IF(OR(L8="",M8="",N8=""),"",ROUND(L8*M8/100*N8/12,1))
I9: =IF(COUNT(E9:H9)=0,"",MAX(E9:H9)) | J9: =IF(OR(D9="",I9=""),"",D9*I9) | K9: =IF(J9="","",IF(J9>=15,"красная",IF(J9>=10,"оранжевая",IF(J9>=5,"желтая","зеленая")))) | O9: =IF(OR(L9="",M9="",N9=""),"",ROUND(L9*M9/100*N9/12,1))
I10: =IF(COUNT(E10:H10)=0,"",MAX(E10:H10)) | J10: =IF(OR(D10="",I10=""),"",D10*I10) | K10: =IF(J10="","",IF(J10>=15,"красная",IF(J10>=10,"оранжевая",IF(J10>=5,"желтая","зеленая")))) | O10: =IF(OR(L10="",M10="",N10=""),"",ROUND(L10*M10/100*N10/12,1))
I11: =IF(COUNT(E11:H11)=0,"",MAX(E11:H11)) | J11: =IF(OR(D11="",I11=""),"",D11*I11) | K11: =IF(J11="","",IF(J11>=15,"красная",IF(J11>=10,"оранжевая",IF(J11>=5,"желтая","зеленая")))) | O11: =IF(OR(L11="",M11="",N11=""),"",ROUND(L11*M11/100*N11/12,1))
I12: =IF(COUNT(E12:H12)=0,"",MAX(E12:H12)) | J12: =IF(OR(D12="",I12=""),"",D12*I12) | K12: =IF(J12="","",IF(J12>=15,"красная",IF(J12>=10,"оранжевая",IF(J12>=5,"желтая","зеленая")))) | O12: =IF(OR(L12="",M12="",N12=""),"",ROUND(L12*M12/100*N12/12,1))
I13: =IF(COUNT(E13:H13)=0,"",MAX(E13:H13)) | J13: =IF(OR(D13="",I13=""),"",D13*I13) | K13: =IF(J13="","",IF(J13>=15,"красная",IF(J13>=10,"оранжевая",IF(J13>=5,"желтая","зеленая")))) | O13: =IF(OR(L13="",M13="",N13=""),"",ROUND(L13*M13/100*N13/12,1))
I14: =IF(COUNT(E14:H14)=0,"",MAX(E14:H14)) | J14: =IF(OR(D14="",I14=""),"",D14*I14) | K14: =IF(J14="","",IF(J14>=15,"красная",IF(J14>=10,"оранжевая",IF(J14>=5,"желтая","зеленая")))) | O14: =IF(OR(L14="",M14="",N14=""),"",ROUND(L14*M14/100*N14/12,1))
I15: =IF(COUNT(E15:H15)=0,"",MAX(E15:H15)) | J15: =IF(OR(D15="",I15=""),"",D15*I15) | K15: =IF(J15="","",IF(J15>=15,"красная",IF(J15>=10,"оранжевая",IF(J15>=5,"желтая","зеленая")))) | O15: =IF(OR(L15="",M15="",N15=""),"",ROUND(L15*M15/100*N15/12,1))
I16: =IF(COUNT(E16:H16)=0,"",MAX(E16:H16)) | J16: =IF(OR(D16="",I16=""),"",D16*I16) | K16: =IF(J16="","",IF(J16>=15,"красная",IF(J16>=10,"оранжевая",IF(J16>=5,"желтая","зеленая")))) | O16: =IF(OR(L16="",M16="",N16=""),"",ROUND(L16*M16/100*N16/12,1))
... I23: =IF(COUNT(E23:H23)=0,"",MAX(E23:H23)) | J23: =IF(OR(D23="",I23=""),"",D23*I23) | K23: =IF(J23="","",IF(J23>=15,"красная",IF(J23>=10,"оранжевая",IF(J23>=5,"желтая","зеленая")))) | O23: =IF(OR(L23="",M23="",N23=""),"",ROUND(L23*M23/100*N23/12,1))

Sheet Шкала
A1: Балл | B1: Клиенты | C1: Партнеры и банки | D1: Регулятор | E1: Сотрудники и кандидаты
A2: 1 | B2: Единичные жалобы, отток не заметен | C2: Вопросы без изменения условий | D2: Устный запрос | E2: Обсуждение внутри компании
A3: 2 | B3: Негатив в отзывах, отток до 1 % | C3: Запрос пояснений от банка или ключевого поставщика | D3: Письменный запрос | E3: Рост отказов кандидатов до 10 %
A4: 3 | B4: Публикации в отраслевых СМИ, отток 1-3 % | C4: Ужесточение условий по одному договору | D4: Внеплановая проверка | E4: Уход 1-2 ключевых сотрудников, отказы 10-25 %
A5: 4 | B5: Федеральные СМИ, отток 3-10 % | C5: Пересмотр лимитов, отказ в отсрочке | D5: Предписание, штраф | E5: Заметный уход ключевых специалистов, отказы 25-50 %
A6: 5 | B6: Массовый уход клиентов, более 10 % | C6: Разрыв отношений, требование досрочного погашения | D6: Приостановка деятельности, отзыв лицензии | E6: Коллективный уход, найм парализован

Sheet Показатели ущерба
A1: Ущерб репутации измеряется поведением аудиторий. Значения в примере условные; базу «до инцидента» снимают заранее, иначе сравнивать будет не с чем.
A3: Показатель | B3: Как снимать | C3: До инцидента | D3: Через 1 месяц | E3: Через 3 месяца | F3: Изменение
A4: Отток клиентов за месяц, % | B4: CRM: ушедшие / активные | C4: 2 | D4: 3.5 | E4: 2.4 | F4: =IF(OR(C4="",E4=""),"",E4-C4)
A5: Доля отказов кандидатов на ключевые позиции, % | B5: HR: отказы после оффера | C5: 15 | D5: 30 | E5: 20 | F5: =IF(OR(C5="",E5=""),"",E5-C5)
A6: Ставка или лимит у основного банка | B6: Казначейство
A7: Тональность упоминаний: доля негативных, % | B7: Сервис мониторинга СМИ и соцсетей | C7: 8 | D7: 40 | E7: 15 | F7: =IF(OR(C7="",E7=""),"",E7-C7)
A8: Обращения регулятора, шт. | B8: Юридическая служба | C8: 0 | D8: 2 | E8: 1 | F8: =IF(OR(C8="",E8=""),"",E8-C8)

Sheet Сводка
A1: Зона | B1: Сценариев | C1: Потеря выручки, млн руб.
A2: красная | B2: =COUNTIF(Оценка!K:K,"красная") | C2: =SUMIF(Оценка!K:K,"красная",Оценка!O:O)
A3: оранжевая | B3: =COUNTIF(Оценка!K:K,"оранжевая") | C3: =SUMIF(Оценка!K:K,"оранжевая",Оценка!O:O)
A4: желтая | B4: =COUNTIF(Оценка!K:K,"желтая") | C4: =SUMIF(Оценка!K:K,"желтая",Оценка!O:O)
A5: зеленая | B5: =COUNTIF(Оценка!K:K,"зеленая") | C5: =SUMIF(Оценка!K:K,"зеленая",Оценка!O:O)
A6: Сценариев без готовности первых часов | B6: =COUNTIF(Оценка!P:P,"нет")

Sheet О шаблоне
A1: Шаблон подготовлен risk-place.ru, практика управления рисками Евгения Теленкова. Свободное использование внутри организации. Версия от 07.10.2026.
