Workbook

Sheet Реестр требований
A1: Три измерения со страницы risk-place.ru/komplaens-riski/: тяжесть последствий, подверженность и надежность механизма. Владелец — руководитель процесса, в котором требование исполняется. Балл = тяжесть × подверженность (3/2/1) × слабость механизма (отсутствует 4, есть на бумаге 3, выполняется 2, проверенно работает 1). Первая строка — пример.
A3: № | B3: Требование (норма, акт) | C3: Направление | D3: Процесс, где исполняется | E3: Владелец (руководитель процесса) | F3: Тяжесть последствий (1-5) | G3: Подверженность | H3: Надежность механизма | I3: Приоритет, балл | J3: Приоритет | K3: Как закрыть разрыв | L3: Мониторинг | M3: Срок | N3: Статус
A4: 1 | B4: 152-ФЗ, ст. 18.1: меры по обеспечению выполнения обязанностей оператора персональных данных | C4: Персональные данные | D4: Обработка данных клиентов в CRM | E4: Директор по продажам | F4: 4 | G4: высокая | H4: есть на бумаге | I4: =IF(OR(F4="",G4="",H4=""),"",F4*IF(G4="высокая",3,IF(G4="средняя",2,1))*IF(H4="отсутствует",4,IF(H4="есть на бумаге",3,IF(H4="выполняется",2,1)))) | J4: =IF(I4="","",IF(I4>=30,"высокий: в повестку года",IF(I4>=12,"средний","низкий"))) | K4: Утвердить порядок доступа к CRM, проверить журнал доступа, провести инструктаж | L4: Число доступов без основания в журнале за квартал | M4: 31.03.2027 | N4: в работе
A5: 2 | I5: =IF(OR(F5="",G5="",H5=""),"",F5*IF(G5="высокая",3,IF(G5="средняя",2,1))*IF(H5="отсутствует",4,IF(H5="есть на бумаге",3,IF(H5="выполняется",2,1)))) | J5: =IF(I5="","",IF(I5>=30,"высокий: в повестку года",IF(I5>=12,"средний","низкий")))
A6: 3 | I6: =IF(OR(F6="",G6="",H6=""),"",F6*IF(G6="высокая",3,IF(G6="средняя",2,1))*IF(H6="отсутствует",4,IF(H6="есть на бумаге",3,IF(H6="выполняется",2,1)))) | J6: =IF(I6="","",IF(I6>=30,"высокий: в повестку года",IF(I6>=12,"средний","низкий")))
A7: 4 | I7: =IF(OR(F7="",G7="",H7=""),"",F7*IF(G7="высокая",3,IF(G7="средняя",2,1))*IF(H7="отсутствует",4,IF(H7="есть на бумаге",3,IF(H7="выполняется",2,1)))) | J7: =IF(I7="","",IF(I7>=30,"высокий: в повестку года",IF(I7>=12,"средний","низкий")))
A8: 5 | I8: =IF(OR(F8="",G8="",H8=""),"",F8*IF(G8="высокая",3,IF(G8="средняя",2,1))*IF(H8="отсутствует",4,IF(H8="есть на бумаге",3,IF(H8="выполняется",2,1)))) | J8: =IF(I8="","",IF(I8>=30,"высокий: в повестку года",IF(I8>=12,"средний","низкий")))
A9: 6 | I9: =IF(OR(F9="",G9="",H9=""),"",F9*IF(G9="высокая",3,IF(G9="средняя",2,1))*IF(H9="отсутствует",4,IF(H9="есть на бумаге",3,IF(H9="выполняется",2,1)))) | J9: =IF(I9="","",IF(I9>=30,"высокий: в повестку года",IF(I9>=12,"средний","низкий")))
A10: 7 | I10: =IF(OR(F10="",G10="",H10=""),"",F10*IF(G10="высокая",3,IF(G10="средняя",2,1))*IF(H10="отсутствует",4,IF(H10="есть на бумаге",3,IF(H10="выполняется",2,1)))) | J10: =IF(I10="","",IF(I10>=30,"высокий: в повестку года",IF(I10>=12,"средний","низкий")))
A11: 8 | I11: =IF(OR(F11="",G11="",H11=""),"",F11*IF(G11="высокая",3,IF(G11="средняя",2,1))*IF(H11="отсутствует",4,IF(H11="есть на бумаге",3,IF(H11="выполняется",2,1)))) | J11: =IF(I11="","",IF(I11>=30,"высокий: в повестку года",IF(I11>=12,"средний","низкий")))
A12: 9 | I12: =IF(OR(F12="",G12="",H12=""),"",F12*IF(G12="высокая",3,IF(G12="средняя",2,1))*IF(H12="отсутствует",4,IF(H12="есть на бумаге",3,IF(H12="выполняется",2,1)))) | J12: =IF(I12="","",IF(I12>=30,"высокий: в повестку года",IF(I12>=12,"средний","низкий")))
A13: 10 | I13: =IF(OR(F13="",G13="",H13=""),"",F13*IF(G13="высокая",3,IF(G13="средняя",2,1))*IF(H13="отсутствует",4,IF(H13="есть на бумаге",3,IF(H13="выполняется",2,1)))) | J13: =IF(I13="","",IF(I13>=30,"высокий: в повестку года",IF(I13>=12,"средний","низкий")))
A14: 11 | I14: =IF(OR(F14="",G14="",H14=""),"",F14*IF(G14="высокая",3,IF(G14="средняя",2,1))*IF(H14="отсутствует",4,IF(H14="есть на бумаге",3,IF(H14="выполняется",2,1)))) | J14: =IF(I14="","",IF(I14>=30,"высокий: в повестку года",IF(I14>=12,"средний","низкий")))
A15: 12 | I15: =IF(OR(F15="",G15="",H15=""),"",F15*IF(G15="высокая",3,IF(G15="средняя",2,1))*IF(H15="отсутствует",4,IF(H15="есть на бумаге",3,IF(H15="выполняется",2,1)))) | J15: =IF(I15="","",IF(I15>=30,"высокий: в повестку года",IF(I15>=12,"средний","низкий")))
A16: 13 | I16: =IF(OR(F16="",G16="",H16=""),"",F16*IF(G16="высокая",3,IF(G16="средняя",2,1))*IF(H16="отсутствует",4,IF(H16="есть на бумаге",3,IF(H16="выполняется",2,1)))) | J16: =IF(I16="","",IF(I16>=30,"высокий: в повестку года",IF(I16>=12,"средний","низкий")))
... A83: 80 | I83: =IF(OR(F83="",G83="",H83=""),"",F83*IF(G83="высокая",3,IF(G83="средняя",2,1))*IF(H83="отсутствует",4,IF(H83="есть на бумаге",3,IF(H83="выполняется",2,1)))) | J83: =IF(I83="","",IF(I83>=30,"высокий: в повестку года",IF(I83>=12,"средний","низкий")))

Sheet Для корпоративного реестра
A1: Направление | B1: Требований | C1: Высокий приоритет | D1: Максимальный балл | E1: Владелец на уровне правления
A2: Антикоррупция | B2: =COUNTIF('Реестр требований'!C4:C83,A2) | C2: =COUNTIFS('Реестр требований'!C4:C83,A2,'Реестр требований'!I4:I83,">=30") | D2: =IF(B2=0,"",_xlfn.MAXIFS('Реестр требований'!I4:I83,'Реестр требований'!C4:C83,A2))
A3: Санкции | B3: =COUNTIF('Реестр требований'!C4:C83,A3) | C3: =COUNTIFS('Реестр требований'!C4:C83,A3,'Реестр требований'!I4:I83,">=30") | D3: =IF(B3=0,"",_xlfn.MAXIFS('Реестр требований'!I4:I83,'Реестр требований'!C4:C83,A3))
A4: Антимонопольное | B4: =COUNTIF('Реестр требований'!C4:C83,A4) | C4: =COUNTIFS('Реестр требований'!C4:C83,A4,'Реестр требований'!I4:I83,">=30") | D4: =IF(B4=0,"",_xlfn.MAXIFS('Реестр требований'!I4:I83,'Реестр требований'!C4:C83,A4))
A5: Персональные данные | B5: =COUNTIF('Реестр требований'!C4:C83,A5) | C5: =COUNTIFS('Реестр требований'!C4:C83,A5,'Реестр требований'!I4:I83,">=30") | D5: =IF(B5=0,"",_xlfn.MAXIFS('Реестр требований'!I4:I83,'Реестр требований'!C4:C83,A5))
A6: Налоги | B6: =COUNTIF('Реестр требований'!C4:C83,A6) | C6: =COUNTIFS('Реестр требований'!C4:C83,A6,'Реестр требований'!I4:I83,">=30") | D6: =IF(B6=0,"",_xlfn.MAXIFS('Реестр требований'!I4:I83,'Реестр требований'!C4:C83,A6))
A7: Охрана труда | B7: =COUNTIF('Реестр требований'!C4:C83,A7) | C7: =COUNTIFS('Реестр требований'!C4:C83,A7,'Реестр требований'!I4:I83,">=30") | D7: =IF(B7=0,"",_xlfn.MAXIFS('Реестр требований'!I4:I83,'Реестр требований'!C4:C83,A7))
A8: Отраслевое регулирование | B8: =COUNTIF('Реестр требований'!C4:C83,A8) | C8: =COUNTIFS('Реестр требований'!C4:C83,A8,'Реестр требований'!I4:I83,">=30") | D8: =IF(B8=0,"",_xlfn.MAXIFS('Реестр требований'!I4:I83,'Реестр требований'!C4:C83,A8))
A9: Прочее | B9: =COUNTIF('Реестр требований'!C4:C83,A9) | C9: =COUNTIFS('Реестр требований'!C4:C83,A9,'Реестр требований'!I4:I83,">=30") | D9: =IF(B9=0,"",_xlfn.MAXIFS('Реестр требований'!I4:I83,'Реестр требований'!C4:C83,A9))
A11: В корпоративный реестр поднимаются агрегированные строки по направлениям, каждая со своим владельцем на уровне правления. Полный перечень требований ведет комплаенс в этом реестре.

Sheet Порядок работы
A1: Шаг | B1: Что сделать
A2: 1 | B2: Составить перечень требований: инвентаризация обязательных требований, применимых к компании. Обычно от тридцати до восьмидесяти позиций.
A3: 2 | B3: Определить владельца по каждому: руководителя, в чьем процессе требование исполняется.
A4: 3 | B4: Оценить по трем измерениям: тяжесть, подверженность, надежность механизма.
A5: 4 | B5: Закрыть разрывы: процедура, инструктаж, автоматическая проверка, документирование.
A6: 5 | B6: Поставить мониторинг: индикаторы, самооценка подразделений, выборочные проверки, разбор обращений на горячую линию.

Sheet О шаблоне
A1: Шаблон подготовлен risk-place.ru. Свободное использование внутри организации. Версия от 23.10.2026.
