Workbook

Sheet Самооценка
A1: Двадцать принципов COSO ERM 2017 по пяти компонентам, как на странице risk-place.ru/coso-erm/. Пройдите список вместе с руководителями второй линии и выберите одно из трех состояний. Балл: выполняется 2, частично 1, отсутствует 0. Строка 10 заполнена для примера. Принципы с баллом 0 и 1 становятся планом работ на год.
A3: № | B3: Компонент | C3: Принцип | D3: Состояние | E3: Балл | F3: Чем подтверждается (документ, практика) | G3: Что сделать | H3: Ответственный | I3: Срок
A4: 1 | B4: Руководство и культура | C4: Надзор со стороны совета директоров | E4: =IF(D4="выполняется",2,IF(D4="частично",1,IF(D4="отсутствует",0,"")))
A5: 2 | B5: Руководство и культура | C5: Организационная структура | E5: =IF(D5="выполняется",2,IF(D5="частично",1,IF(D5="отсутствует",0,"")))
A6: 3 | B6: Руководство и культура | C6: Требуемая культура | E6: =IF(D6="выполняется",2,IF(D6="частично",1,IF(D6="отсутствует",0,"")))
A7: 4 | B7: Руководство и культура | C7: Приверженность ценностям | E7: =IF(D7="выполняется",2,IF(D7="частично",1,IF(D7="отсутствует",0,"")))
A8: 5 | B8: Руководство и культура | C8: Привлечение, развитие и удержание способных сотрудников | E8: =IF(D8="выполняется",2,IF(D8="частично",1,IF(D8="отсутствует",0,"")))
A9: 6 | B9: Стратегия и постановка целей | C9: Анализ бизнес-контекста | E9: =IF(D9="выполняется",2,IF(D9="частично",1,IF(D9="отсутствует",0,"")))
A10: 7 | B10: Стратегия и постановка целей | C10: Определение риск-аппетита | E10: =IF(D10="выполняется",2,IF(D10="частично",1,IF(D10="отсутствует",0,"")))
A11: 8 | B11: Стратегия и постановка целей | C11: Оценка альтернативных стратегий | E11: =IF(D11="выполняется",2,IF(D11="частично",1,IF(D11="отсутствует",0,"")))
A12: 9 | B12: Стратегия и постановка целей | C12: Формулирование целей деятельности | E12: =IF(D12="выполняется",2,IF(D12="частично",1,IF(D12="отсутствует",0,"")))
A13: 10 | B13: Результативность | C13: Выявление рисков | D13: выполняется | E13: =IF(D13="выполняется",2,IF(D13="частично",1,IF(D13="отсутствует",0,""))) | F13: Реестр рисков, риск-сессии раз в квартал, протоколы | G13: Добавить выявление рисков при запуске каждого крупного проекта | H13: Руководитель службы рисков | I13: 31.03.2027
A14: 11 | B14: Результативность | C14: Оценка серьезности риска | E14: =IF(D14="выполняется",2,IF(D14="частично",1,IF(D14="отсутствует",0,"")))
A15: 12 | B15: Результативность | C15: Приоритизация рисков | E15: =IF(D15="выполняется",2,IF(D15="частично",1,IF(D15="отсутствует",0,"")))
A16: 13 | B16: Результативность | C16: Реагирование на риски | E16: =IF(D16="выполняется",2,IF(D16="частично",1,IF(D16="отсутствует",0,"")))
A17: 14 | B17: Результативность | C17: Портфельный взгляд | E17: =IF(D17="выполняется",2,IF(D17="частично",1,IF(D17="отсутствует",0,"")))
A18: 15 | B18: Анализ и пересмотр | C18: Оценка существенных изменений | E18: =IF(D18="выполняется",2,IF(D18="частично",1,IF(D18="отсутствует",0,"")))
A19: 16 | B19: Анализ и пересмотр | C19: Анализ рисков и результативности | E19: =IF(D19="выполняется",2,IF(D19="частично",1,IF(D19="отсутствует",0,"")))
A20: 17 | B20: Анализ и пересмотр | C20: Совершенствование управления рисками | E20: =IF(D20="выполняется",2,IF(D20="частично",1,IF(D20="отсутствует",0,"")))
A21: 18 | B21: Информация, коммуникация и отчетность | C21: Использование информации и технологий | E21: =IF(D21="выполняется",2,IF(D21="частично",1,IF(D21="отсутствует",0,"")))
A22: 19 | B22: Информация, коммуникация и отчетность | C22: Информирование о рисках | E22: =IF(D22="выполняется",2,IF(D22="частично",1,IF(D22="отсутствует",0,"")))
A23: 20 | B23: Информация, коммуникация и отчетность | C23: Отчетность о рисках, культуре и результативности | E23: =IF(D23="выполняется",2,IF(D23="частично",1,IF(D23="отсутствует",0,"")))

Sheet Сводка по компонентам
A1: Компонент | B1: Принципов | C1: Оценено | D1: Балл | E1: Максимум | F1: Выполнение, % | G1: Вывод
A2: Руководство и культура | B2: 5 | C2: =COUNTIFS('Самооценка'!B4:B23,A2,'Самооценка'!D4:D23,"<>") | D2: =SUMIF('Самооценка'!B4:B23,A2,'Самооценка'!E4:E23) | E2: =B2*2 | F2: =IF(C2=0,"",ROUND(D2/(C2*2)*100,0)) | G2: =IF(F2="","не оценено",IF(F2<50,"провал: в план работ на год",IF(F2<80,"частично: доработать","закрыт")))
A3: Стратегия и постановка целей | B3: 4 | C3: =COUNTIFS('Самооценка'!B4:B23,A3,'Самооценка'!D4:D23,"<>") | D3: =SUMIF('Самооценка'!B4:B23,A3,'Самооценка'!E4:E23) | E3: =B3*2 | F3: =IF(C3=0,"",ROUND(D3/(C3*2)*100,0)) | G3: =IF(F3="","не оценено",IF(F3<50,"провал: в план работ на год",IF(F3<80,"частично: доработать","закрыт")))
A4: Результативность | B4: 5 | C4: =COUNTIFS('Самооценка'!B4:B23,A4,'Самооценка'!D4:D23,"<>") | D4: =SUMIF('Самооценка'!B4:B23,A4,'Самооценка'!E4:E23) | E4: =B4*2 | F4: =IF(C4=0,"",ROUND(D4/(C4*2)*100,0)) | G4: =IF(F4="","не оценено",IF(F4<50,"провал: в план работ на год",IF(F4<80,"частично: доработать","закрыт")))
A5: Анализ и пересмотр | B5: 3 | C5: =COUNTIFS('Самооценка'!B4:B23,A5,'Самооценка'!D4:D23,"<>") | D5: =SUMIF('Самооценка'!B4:B23,A5,'Самооценка'!E4:E23) | E5: =B5*2 | F5: =IF(C5=0,"",ROUND(D5/(C5*2)*100,0)) | G5: =IF(F5="","не оценено",IF(F5<50,"провал: в план работ на год",IF(F5<80,"частично: доработать","закрыт")))
A6: Информация, коммуникация и отчетность | B6: 3 | C6: =COUNTIFS('Самооценка'!B4:B23,A6,'Самооценка'!D4:D23,"<>") | D6: =SUMIF('Самооценка'!B4:B23,A6,'Самооценка'!E4:E23) | E6: =B6*2 | F6: =IF(C6=0,"",ROUND(D6/(C6*2)*100,0)) | G6: =IF(F6="","не оценено",IF(F6<50,"провал: в план работ на год",IF(F6<80,"частично: доработать","закрыт")))
A7: Итого | B7: =SUM(B2:B6) | C7: =SUM(C2:C6) | D7: =SUM(D2:D6) | E7: =SUM(E2:E6) | F7: =IF(C7=0,"",ROUND(D7/(C7*2)*100,0))
A9: Чаще всего «Результативность» закрыта неплохо, а провалы в первом, втором и пятом компонентах: культура, риск-аппетит, связь со стратегией и отчетность. Процент считается только по оцененным принципам.

Sheet О шаблоне
A1: Шаблон подготовлен risk-place.ru. Свободное использование внутри организации. Версия от 23.10.2026.
